시군구,읍면동,2월,3월,4월,5월,6월,7월
강남구,개포1동,8554.585852,8972.150643,9095.591132,9031.146971,9125.238274,8830.015919
강남구,개포2동,24292.94583,25669.84966,25344.27283,25812.03973,26230.5717,24976.29904
강남구,개포4동,16145.92541,16591.96863,16298.13176,16250.38442,16519.12662,16024.17156
강남구,논현1동,41685.73278,42175.70615,43407.00721,44160.83305,44747.34139,44018.73887
강남구,논현2동,40784.05969,42880.73947,44453.26756,45155.08498,45628.35782,44600.2199
강남구,대치1동,28436.87551,28504.69742,27906.70436,28201.47309,28849.59168,28353.99753
강남구,대치2동,48512.09897,48025.96931,48876.57282,50415.12799,50686.55278,50252.71284
강남구,대치4동,38335.23845,37861.67916,38238.35252,39131.2543,40165.00253,41336.2639
강남구,도곡1동,35062.2967,34985.56498,34938.61146,35483.83074,36274.37144,35751.99041
강남구,도곡2동,29840.27193,30505.82181,30052.71959,29490.11267,30896.28006,29858.78931
강남구,삼성1동,36206.92909,35864.49815,38409.68058,41186.76838,42394.84511,43898.48954
강남구,삼성2동,39375.70017,39653.99008,40262.78091,40432.12636,41029.25153,40380.45195
강남구,세곡동,46432.78884,46156.52644,45438.93063,45416.08287,46122.51747,44885.76464
강남구,수서동,22668.67469,23143.05399,23610.52418,24184.87269,24670.34219,23720.47781
강남구,신사동,33676.89062,34604.94922,36725.32218,38103.16182,38726.74508,37805.30507
강남구,압구정동,40249.30371,40921.30749,42775.61305,43382.26807,44223.06653,44405.12968
강남구,역삼1동,96808.58898,98723.51605,102627.8803,106827.2986,109163.4775,109276.5163
강남구,역삼2동,51133.30534,51986.29447,52476.93259,53509.8387,55171.62443,54675.52916
강남구,일원1동,16882.86004,16653.85628,16136.78214,16106.23023,16181.81259,15710.46958
강남구,일원2동,16799.97933,16912.07614,16553.9023,16587.43632,16837.03933,16431.52138
강남구,일원본동,25078.44265,25197.26164,25264.899,25219.58134,25583.99113,24822.39874
강남구,청담동,41672.84927,41426.60845,43190.72454,44046.54078,44645.8845,43384.48596
강동구,강일동,52475.64657,49518.086,49470.08313,50934.33024,52189.56702,51628.69568
강동구,고덕제1동,25044.35889,24395.28403,24371.48708,24328.88038,24921.3782,24377.89256
강동구,고덕제2동,21271.45935,21372.15794,21383.28777,21364.91551,21139.15547,20634.95981
강동구,길동,55848.16055,55067.07751,54632.83732,55652.21447,56847.49485,56111.50674
강동구,둔촌제1동,4394.924539,4664.324428,4603.654273,4646.240265,4726.456433,4469.818852
강동구,둔촌제2동,28623.37673,28811.14849,26970.58999,26869.71821,27425.60308,27076.94575
강동구,명일제1동,28600.05208,27306.95827,26776.80718,26920.247,27546.28983,26471.13223
강동구,명일제2동,16189.75725,16649.0139,16270.0975,16265.55567,16537.17338,15905.55302
강동구,상일동,39509.38546,35234.71622,33831.77611,37400.57926,40739.93954,39338.01169
강동구,성내제1동,24652.04473,24951.33614,24384.96688,24014.64138,24230.12088,23623.99784
강동구,성내제2동,26123.62054,25868.03458,25089.96792,25049.83604,25189.23985,24564.82154
강동구,성내제3동,27717.65592,27401.02013,26623.80003,26488.33205,26787.5258,26371.51909
강동구,암사제1동,28126.88944,30451.83456,28736.64141,27668.1522,27672.26707,27282.49982
강동구,암사제2동,14101.86649,13682.83721,14292.75364,14663.18635,15271.76576,15145.6966
강동구,암사제3동,13918.8106,13977.15628,13315.7883,13123.05437,13304.8423,13210.49341
강동구,천호제1동,30628.51151,34631.49445,32996.82028,31265.31656,30723.06201,29749.37595
강동구,천호제2동,42375.13502,45908.32317,45412.24521,44881.5528,45742.69186,44371.47388
강동구,천호제3동,27713.09225,27495.15137,27126.25172,28073.48939,28422.46436,27988.85524
강북구,미아동,21309.26001,22195.59944,22631.13856,23045.7569,23219.64952,22842.95038
강북구,삼각산동,23454.2299,23634.4486,21888.94372,21691.59942,21882.47929,21404.42197
강북구,삼양동,24260.39274,24008.82917,23153.21614,23135.81584,23396.95395,22650.15595
강북구,송중동,35538.10736,36148.56067,34528.41592,35126.40482,35639.68603,34668.05876
강북구,송천동,26875.00271,27743.74999,27008.04123,27237.78276,27664.2607,26686.22939
강북구,우이동,18366.2311,18773.79624,18630.99708,19139.67657,19420.98876,19349.88912
강북구,인수동,29319.07964,28771.07528,28000.61971,28371.64991,28704.05261,28270.43533
강서구,가양제1동,48027.28961,49252.93662,49210.08971,50167.71448,50955.85793,50311.11698
강서구,가양제2동,15107.03786,14883.68025,14577.10104,14733.13249,15000.26499,14564.67733
강서구,가양제3동,10871.48513,10871.13273,10629.77769,10701.80964,10698.76303,10333.23144
강서구,공항동,35099.94232,34402.92213,35879.55185,37594.4975,38016.90698,34201.00308
강서구,등촌제1동,23510.67376,23397.78675,22555.90625,22717.54619,22967.06337,22214.17043
강서구,등촌제2동,16240.63863,16529.99604,15757.2533,15669.52114,16052.93623,15976.63332
강서구,등촌제3동,40578.96098,41131.37622,41189.79375,42043.80802,42207.84382,39672.33725
강서구,발산제1동,34410.37757,35544.74764,35523.69799,36288.91742,37113.16649,35294.51087
강서구,방화제1동,33451.90126,33666.82289,32629.3577,32688.32767,33012.24233,32241.93924
강서구,방화제2동,24125.35097,23872.61141,24029.82689,25274.3926,26200.5462,25797.33275
강서구,방화제3동,17164.762,17242.36482,16958.08566,17150.76351,17429.9139,16970.82604
강서구,염창동,31678.93911,31783.46101,31464.20258,31501.01445,31923.58808,30781.19684
강서구,우장산동,33431.00957,33776.00184,32947.41286,32658.54189,33159.46986,32163.98797
강서구,화곡본동,29857.73089,29518.90445,28323.74434,28589.57641,28913.30772,28260.07221
강서구,화곡제1동,48396.03153,48081.01552,46712.53262,47361.90882,48457.81989,48586.43089
강서구,화곡제2동,13284.03229,13333.56111,12628.79324,12892.30668,13178.10141,13081.95363
강서구,화곡제3동,20262.6304,20441.97668,19878.14271,20109.78742,20600.52065,19864.11443
강서구,화곡제4동,17725.67389,17588.37016,17031.6594,17094.19555,17367.46581,16995.17636
강서구,화곡제6동,20650.06719,20528.62757,19788.9006,20105.04291,20526.6498,20373.25832
강서구,화곡제8동,28726.74223,28534.07843,26487.64749,26340.94451,26890.32041,26527.38157
관악구,낙성대동,22474.5975,25163.84071,24791.34081,24762.89947,24690.80309,23084.67372
관악구,난곡동,18683.08403,18927.4567,18167.98242,18244.56533,18212.15915,17799.45042
관악구,난향동,11093.93857,10940.36779,10335.89412,10321.50065,10495.93161,10338.92636
관악구,남현동,22152.87842,22898.34346,23308.07712,23711.85115,24056.81793,23505.12999
관악구,대학동,29583.5836,32582.70057,33969.01746,34630.58544,34080.84395,31972.37062
관악구,미성동,22030.01645,22041.14298,21241.26787,21001.43339,21608.75438,20870.51812
관악구,보라매동,17286.14734,17377.8434,16745.12769,16489.03356,17240.51841,16358.66597
관악구,삼성동,20883.03015,21026.98663,20224.66016,20168.44629,20485.84497,19842.72969
관악구,서림동,17951.90364,17848.72423,17159.60964,16971.36384,17022.494,16334.07044
관악구,서원동,23011.62684,23087.04238,22762.99317,23034.70296,23157.6003,22591.91809
관악구,성현동,23858.3367,23596.34685,22489.22646,22411.38491,23205.36531,22292.06816
관악구,신림동,29058.84982,29685.71417,29425.88137,30297.24143,30686.63231,30426.54823
관악구,신사동,21728.52957,21561.97303,20931.70341,21048.02444,21452.96082,20920.37297
관악구,신원동,16629.74842,17174.57327,16563.75009,16550.98212,16725.65501,16608.86419
관악구,은천동,28564.49613,28320.8233,27949.34486,27777.49581,29036.51906,28808.98056
관악구,인헌동,25377.84525,25633.17334,25308.20067,25480.52652,25911.47856,24970.98325
관악구,조원동,27719.98315,27419.35562,27300.95981,28589.01799,28954.89448,27901.85147
관악구,중앙동,17607.951,17545.02218,17245.5761,17161.87868,15791.83336,15531.0089
관악구,청룡동,38675.19649,38912.20946,38950.12816,39195.36341,39752.69425,38557.7432
관악구,청림동,10166.64974,11314.57153,10752.17513,10814.23881,10938.94568,10527.08442
관악구,행운동,23935.65836,24428.01017,23494.55706,23434.08532,23653.30646,23075.52355
광진구,광장동,36132.88237,36651.73941,36834.32788,36359.71676,36657.4172,35626.62437
광진구,구의제1동,26088.51432,27064.1194,26334.89142,26661.82802,27173.23614,25868.82797
광진구,구의제2동,21449.9271,21459.26268,21126.0571,21333.95006,21603.59973,21285.69211
광진구,구의제3동,30354.71904,29831.46799,29470.8647,30194.01804,30540.82454,29252.19218
광진구,군자동,18520.45269,19475.86003,19519.29099,19929.67372,20168.3873,19048.546
광진구,능동,14904.81876,16109.82965,16975.62251,17566.27754,16443.20446,14936.21575
광진구,자양제1동,24767.01738,25875.7653,25357.2584,25235.60116,25232.78218,24246.79437
광진구,자양제2동,21678.31378,21874.40103,20464.69403,20844.69396,21169.25304,20535.43105
광진구,자양제3동,23272.99781,23754.20265,23609.66019,23850.59346,23977.93157,23814.3404
광진구,자양제4동,24227.79705,24575.97742,25530.82805,26651.89852,26946.71264,26126.01008
광진구,중곡제1동,15587.72176,15481.88467,14922.43677,14879.90635,15118.58537,15041.64592
광진구,중곡제2동,19420.18619,19179.61326,18782.99276,18759.1805,18967.37935,18480.52676
광진구,중곡제3동,15552.16487,15468.82599,15157.10812,15230.75327,15517.79591,15287.38071
광진구,중곡제4동,25904.86985,26356.51305,25340.35649,25166.23764,25230.19993,24066.55319
광진구,화양동,36463.44762,39731.55776,41342.00925,42339.77002,41536.94386,38766.40776
구로구,가리봉동,11691.51722,11249.09463,11131.50002,11282.35447,11504.01181,11308.73323
구로구,개봉제1동,29872.5837,29700.94961,28983.29235,28900.56071,29407.77365,28724.16104
구로구,개봉제2동,23995.14609,23180.24977,22096.16032,22240.53053,22442.21628,22180.18811
구로구,개봉제3동,17148.07314,17111.865,17089.37143,17162.18653,17557.71246,17136.34568
구로구,고척제1동,21698.87216,22448.12616,22290.91567,22531.19949,23402.88131,21994.93167
구로구,고척제2동,18265.76933,17967.43255,17075.88551,17164.90658,17396.78094,17097.37776
구로구,구로제1동,17049.045,16813.30611,16845.56378,16715.55898,17156.15083,16937.76521
구로구,구로제2동,33960.68099,33367.34104,33630.44495,33658.69997,34107.82201,33442.51276
구로구,구로제3동,39179.54273,39748.79279,41109.77002,41579.88527,42190.8819,41353.92279
구로구,구로제4동,18257.28347,17931.88838,18129.98443,17911.81128,18274.45314,18240.16827
구로구,구로제5동,31958.01616,31873.31565,31095.6091,32337.68166,33164.94559,32551.25548
구로구,수궁동,22407.09274,23189.31059,22802.99357,22873.02053,23071.41406,22063.52476
구로구,신도림동,33206.21733,32909.62739,33562.73158,33553.8861,33763.45094,32956.64561
구로구,오류제1동,15105.45233,15620.97043,15208.78474,15102.99707,15279.00779,14712.41824
구로구,오류제2동,52407.80499,53105.35209,50827.02153,51063.61223,51992.52503,50915.15183
금천구,가산동,57088.52618,57145.97891,60140.6558,60567.86024,60695.59004,60072.80739
금천구,독산제1동,34087.46696,34627.09527,33858.95256,33679.92061,34197.42452,34226.18654
금천구,독산제2동,15303.55396,14929.47167,14308.60526,14164.50014,14289.53391,14100.88118
금천구,독산제3동,22868.27665,22570.25047,22006.1675,22289.17693,22612.24874,22045.17212
금천구,독산제4동,11710.13926,11528.08654,11199.71664,11444.06165,11564.95782,11454.26252
금천구,시흥제1동,28185.00174,27974.77937,27803.96648,28004.70206,28459.91257,27397.5675
금천구,시흥제2동,16158.28601,15258.07088,15716.78954,15694.63864,15828.78564,15241.36322
금천구,시흥제3동,10344.39631,10353.7629,10327.31512,10466.18,10521.25385,10169.3078
금천구,시흥제4동,11995.43869,12155.72557,11686.56287,11813.65044,12053.72872,11810.85416
금천구,시흥제5동,12115.36674,11903.7559,11711.76068,11994.14833,12047.76189,11654.91288
노원구,공릉1동,43570.28082,43683.54536,43459.76817,44036.79399,43928.75524,42608.90159
노원구,공릉2동,43953.18684,47973.22844,47645.50972,47624.79715,46015.87953,42777.44996
노원구,상계10동,12840.96458,12625.05544,12637.11992,12883.53832,13404.01371,13355.51089
노원구,상계1동,39407.34623,38578.76139,36526.65228,36695.73808,37264.5478,36745.22244
노원구,상계2동,29856.66398,29211.52561,28850.31945,29556.1078,29741.54373,29745.48912
노원구,상계3.4동,21796.37186,21456.14389,20656.76732,20759.09346,20774.86624,20294.51099
노원구,상계5동,19210.13771,18947.25052,18361.24961,18493.05737,18773.653,18249.00376
노원구,상계6.7동,47104.54648,48072.76456,47235.8627,48025.56238,48933.30671,47243.62514
노원구,상계8동,18176.54939,18469.40586,18478.59953,18236.75577,18428.95649,17615.47614
노원구,상계9동,19038.90471,19103.43036,18581.73423,18697.72622,19167.7381,18628.38891
노원구,월계1동,22657.57945,23930.2212,23772.59733,23902.07048,23495.67532,21765.73711
노원구,월계2동,20323.9975,19807.8279,20621.36705,20606.24156,20644.93592,19076.7663
노원구,월계3동,26406.45279,25654.26584,25332.53142,25560.96791,25856.95661,24852.02452
노원구,중계1동,26905.24236,26760.32357,26307.43465,26067.46536,26964.91339,25816.22635
노원구,중계2.3동,33209.13792,33947.62229,33020.52135,33137.90226,33663.56249,33220.62555
노원구,중계4동,16416.2191,16859.99873,16462.45968,16417.13038,16666.85872,15908.50038
노원구,중계본동,21810.94452,21293.36835,20738.76422,20448.98361,21194.56667,20542.53186
노원구,하계1동,25274.76323,26254.17477,26212.18523,26631.24017,26389.70907,25474.7309
노원구,하계2동,15109.72834,15389.1654,14578.54954,14655.82763,14711.40379,14928.83081
도봉구,도봉제1동,18082.53793,18258.89701,18336.08918,18694.59939,18698.05804,18577.27209
도봉구,도봉제2동,20476.38681,20275.22996,19787.69599,20009.23039,19991.44296,19278.34409
도봉구,방학제1동,24346.38104,23923.06417,23865.44022,24155.47743,24171.76807,23594.42946
도봉구,방학제2동,11808.10674,11788.10422,11418.07371,11480.62918,11478.49707,11694.74606
도봉구,방학제3동,22082.4715,21826.87181,20818.41015,20668.02684,20821.79029,19908.56956
도봉구,쌍문제1동,17277.61171,17986.91447,17965.28556,18118.67759,17982.76758,17033.43458
도봉구,쌍문제2동,17687.41877,17291.69841,17180.60548,17262.36945,17740.89028,17291.3478
도봉구,쌍문제3동,15337.78467,15687.75294,15793.77276,15967.74636,16217.70923,15663.95056
도봉구,쌍문제4동,14723.1683,14883.42278,14088.84986,13901.97867,14184.83072,13751.79295
도봉구,창제1동,23178.0345,23393.75558,22715.63557,22858.49036,23214.30795,22343.16684
도봉구,창제2동,29818.92759,29273.82215,28762.78412,28906.8531,29764.37233,28293.40154
도봉구,창제3동,10853.9497,9816.907765,10417.89557,10487.89905,10699.63578,10494.66112
도봉구,창제4동,29496.7712,29398.10018,28795.86058,29114.18932,29228.99127,28551.0119
도봉구,창제5동,20829.89401,20437.97748,19732.60575,19914.48554,19753.877,19322.65167
동대문구,답십리제1동,23986.88169,24126.34774,23069.25594,23146.98963,23559.43154,23378.0186
동대문구,답십리제2동,23049.96197,21936.61588,21432.15208,21389.66116,21665.75971,21887.38862
동대문구,용신동,39298.43814,41239.4206,41555.70312,42842.56704,42819.17583,40981.46125
동대문구,이문제1동,22105.89109,25230.72513,25200.53881,25698.6228,25850.47778,22796.00561
동대문구,이문제2동,15594.62409,15471.4438,15007.61278,15161.2772,15261.71667,14771.41565
동대문구,장안제1동,34546.11212,34575.83034,34238.53729,34679.13404,35215.54694,34610.78397
동대문구,장안제2동,28130.89199,28246.55888,27181.01543,27152.52289,27817.22468,27276.77548
동대문구,전농제1동,31791.30608,31990.48507,31841.09369,32236.25334,32365.95585,29657.12788
동대문구,전농제2동,16374.39768,17097.261,17013.76837,17309.13279,17263.57539,16018.25073
동대문구,제기동,32309.03858,32943.41822,32268.69081,33181.61582,33916.4928,32853.03726
동대문구,청량리동,18849.33827,19100.32283,18633.40154,19095.66861,19106.06254,18344.18813
동대문구,회기동,17886.03017,19463.089,20861.69782,21098.41075,21502.94532,19814.15365
동대문구,휘경제1동,16460.9212,16971.51173,16633.55217,16954.21623,17268.17762,16571.50621
동대문구,휘경제2동,20153.63241,21262.65244,21077.54747,21051.7641,21324.64415,19956.26203
동작구,노량진제1동,37552.12418,36576.17682,37168.77405,36838.3239,36525.63594,35625.39408
동작구,노량진제2동,16838.66156,17490.09858,18157.49017,19128.18737,18855.01553,18209.41778
동작구,대방동,42579.83094,42732.87844,42734.27224,42297.18629,42119.86426,40642.75997
동작구,사당제1동,26093.29945,26639.00525,25494.11245,26022.75416,26355.9688,25855.57079
동작구,사당제2동,31965.25449,32558.58972,32436.4892,32866.35333,32974.79124,31559.09035
동작구,사당제3동,20528.85974,20665.64649,19924.87416,19813.20638,20436.91717,20723.65922
동작구,사당제4동,13394.6918,13092.63416,12301.65715,12197.33154,12364.50384,11757.29396
동작구,사당제5동,10751.93014,11677.77668,11714.01877,11659.29331,11452.4993,10797.62288
동작구,상도제1동,42953.23415,47227.57929,46278.15484,46648.10691,47065.31723,43166.50225
동작구,상도제2동,22507.98961,22874.08275,22198.78889,22656.53011,22989.6133,22042.14006
동작구,상도제3동,18352.3366,18437.62729,17713.87746,17693.08935,17784.36157,18251.02389
동작구,상도제4동,23407.56923,22459.92003,20925.02031,20980.16954,21488.41168,21390.56179
동작구,신대방제1동,17009.41629,16969.11646,16876.10612,16457.79115,16757.17131,16714.92577
동작구,신대방제2동,24004.40505,23797.86012,24027.06398,24628.87511,25662.35953,25209.51877
동작구,흑석동,30896.36781,33736.54695,33753.01331,34443.34622,34511.29079,31408.04049
마포구,공덕동,38844.5937,38310.88149,38329.03181,38706.98373,39615.61064,39171.842
마포구,대흥동,20995.63216,22297.822,22339.19368,22493.60021,23014.62961,22158.71319
마포구,도화동,17536.011,17372.57029,17016.15019,17002.55892,17227.00501,16878.48501
마포구,망원제1동,20355.15,19932.42807,19905.77028,20080.38412,20790.26817,20373.99252
마포구,망원제2동,17925.56534,17637.19226,17439.4186,17604.63011,17194.67803,16683.82989
마포구,상암동,44856.61989,45508.17454,46890.43309,48831.92164,48681.57176,47614.57414
마포구,서강동,26007.07364,27446.05754,27724.48729,28426.49162,28182.87537,26301.6667
마포구,서교동,63052.10851,64156.04244,68797.34519,73934.93375,73854.61247,74251.41046
마포구,성산제1동,21712.43869,21992.04601,21271.53389,21283.23095,21719.88333,21777.55163
마포구,성산제2동,35363.17518,36263.32921,35234.59963,35748.98608,36726.72148,35581.69078
마포구,신수동,18102.82122,18502.93117,18036.41058,18159.2402,18510.31852,17843.48524
마포구,아현동,25789.51589,25988.16578,26055.10345,26103.14497,26320.85293,25447.3643
마포구,연남동,18864.10089,18675.29606,18831.48844,18898.63711,19004.32275,18810.37168
마포구,염리동,11392.76073,11710.02623,11932.33264,12006.49677,12103.26627,10856.10168
마포구,용강동,31098.17533,31386.65314,31253.85899,31411.34905,31900.57862,31534.63132
마포구,합정동,21545.07395,22510.2331,23260.69472,23599.73185,23812.58882,23209.42561
서대문구,남가좌제1동,7475.920989,7356.621507,7210.024124,7208.738652,7452.645884,6925.085628
서대문구,남가좌제2동,19152.45715,20075.90607,19897.03244,20686.65004,19245.05179,18211.29458
서대문구,북가좌제1동,14029.98375,14021.99036,13584.31106,13693.16598,15017.35975,14778.27783
서대문구,북가좌제2동,39598.11733,39721.95847,37369.25885,37020.3035,36883.52107,36299.82312
서대문구,북아현동,36593.77937,36576.02871,37435.65848,37993.28995,39116.23112,37842.62005
서대문구,신촌동,47706.98823,52963.01561,55043.561,58004.18038,57583.39161,54461.66608
서대문구,연희동,37932.56143,38262.72661,38318.06232,38611.33272,38162.22368,35820.93337
서대문구,천연동,16724.4528,17297.79728,16955.05887,16853.76138,16821.94576,15977.49791
서대문구,충현동,38252.72245,39863.15988,40970.27138,41675.70686,41897.84745,40109.6607
서대문구,홍은제1동,14600.03104,14418.23915,13857.55001,13912.9003,14256.35434,14372.68506
서대문구,홍은제2동,25970.86694,26780.7328,26216.18727,26346.5391,25267.66702,23582.96987
서대문구,홍제제1동,23980.4989,24301.9672,24052.86109,23839.01188,23155.01198,22770.47756
서대문구,홍제제2동,9871.496697,9870.761516,9484.558681,9566.021823,10977.66695,10634.66271
서대문구,홍제제3동,16348.02769,16589.77967,16178.52313,16381.21136,16310.36893,15498.68533
서초구,내곡동,23731.88964,23910.06184,24117.3771,25105.03411,25827.3282,25426.39825
서초구,반포1동,31673.84213,33676.61416,33345.38571,33281.47406,33922.26714,32990.76367
서초구,반포2동,15712.44548,16609.05427,17399.75078,18022.66626,18110.07553,16650.03538
서초구,반포3동,20208.276,20516.00392,21165.56117,23417.47182,24095.02626,23140.56343
서초구,반포4동,44850.86892,42883.2636,42983.03214,43931.9078,44696.87674,43287.73793
서초구,반포본동,2633.333546,2488.078284,2671.569809,2792.146134,2859.501487,2955.944695
서초구,방배1동,22235.46386,21764.91893,21167.95042,21591.02786,21463.59787,20350.39547
서초구,방배2동,20095.76616,20283.27298,20281.07553,20766.00969,21050.59836,20682.83951
서초구,방배3동,18073.68867,17206.72563,17478.25257,17299.29985,18023.97093,17531.56198
서초구,방배4동,26806.34522,27596.39959,27534.7352,27796.31989,27816.92587,27254.18994
서초구,방배본동,19856.81376,19664.4457,19023.22854,18662.99757,19021.16575,18348.97397
서초구,서초1동,31921.92641,32410.9199,31917.45095,30965.28062,31385.74502,30731.62456
서초구,서초2동,39931.3755,40554.97391,43262.26643,46180.92553,47188.36274,46454.05466
서초구,서초3동,64800.78065,64274.17345,66128.69272,66895.93867,66711.63014,64569.28219
서초구,서초4동,39958.62814,40432.5165,42534.01371,43511.12093,44185.25374,43755.15069
서초구,양재1동,52219.58606,53023.43831,53994.91276,54514.57122,55262.20855,53855.96137
서초구,양재2동,36579.99656,36875.19292,38990.23355,39558.63503,39293.20301,38177.22447
서초구,잠원동,33950.40117,33748.31489,34476.71299,33841.57304,34245.40498,33622.68063
성동구,금호1가동,16522.58457,15661.19687,14550.35994,14531.44887,15404.26489,15059.11306
성동구,금호2.3가동,20825.39272,20587.51024,19923.82627,19744.8289,20063.2813,19579.37646
성동구,금호4가동,13302.90951,13080.80881,12580.13939,12583.71809,12661.65425,12501.50737
성동구,마장동,21844.8105,22068.32424,21704.35129,21658.96097,22019.12473,21356.68787
성동구,사근동,20522.69931,24986.3373,25975.04748,27365.50924,25902.41018,22798.29553
성동구,성수1가제1동,18995.00013,18663.80568,20306.2797,20273.82348,19955.58498,19100.40888
성동구,성수1가제2동,19538.46867,20073.91345,21110.61145,21714.79695,21002.92671,19902.99884
성동구,성수2가제1동,20090.68456,19598.45427,20021.15439,20029.93303,20281.53887,19924.30066
성동구,성수2가제3동,32376.73924,32736.22051,33795.25573,33873.80309,34409.43015,34228.97789
성동구,송정동,10872.10335,10860.14154,10686.00391,10910.18714,10987.5232,10673.14688
성동구,옥수동,28023.92275,27234.06114,27121.55141,27590.10098,27975.80966,27135.87515
성동구,왕십리도선동,31099.27882,30598.3407,29334.71404,29644.44962,30439.22017,29623.00611
성동구,왕십리제2동,14291.35027,15287.10641,15409.99844,15443.90775,15320.77765,14700.96574
성동구,용답동,20198.38488,20352.77074,19870.75683,19964.88511,19963.94916,19295.69958
성동구,응봉동,10773.90204,10559.08802,10787.44144,10863.91939,11101.30609,10736.20863
성동구,행당제1동,18011.59872,18522.8317,18446.78446,19114.61044,19314.0725,19404.74593
성동구,행당제2동,21251.68273,21220.83939,20347.78379,20205.35413,20510.89005,19504.94535
성북구,길음제1동,35526.44238,33898.5798,35226.6987,35377.31239,35726.63188,34427.88446
성북구,길음제2동,17558.49016,18524.5557,18655.16308,18833.14949,19156.24225,19143.32616
성북구,돈암제1동,13145.93732,12286.83344,12777.07046,12848.30436,13087.11693,12679.23633
성북구,돈암제2동,15083.2676,14716.43236,14046.91717,13923.65566,13979.49943,13619.43039
성북구,동선동,24116.27906,24788.0419,25827.48921,26018.95675,26130.2713,24596.50246
성북구,보문동,15949.52744,15348.62231,15605.65628,15750.17828,16202.25731,15848.11308
성북구,삼선동,25103.1679,26315.88002,26385.83266,26964.22216,26862.53772,25647.69218
성북구,석관동,27203.42224,26825.47203,27009.86107,27404.61855,27712.80196,26794.2834
성북구,성북동,21210.82857,21715.03309,21876.40411,21926.36461,22006.10232,21014.75415
성북구,안암동,22388.00007,26783.45115,28281.5969,29097.70873,26728.4522,22949.49965
성북구,월곡제1동,22363.22921,24651.23953,25863.59704,26269.50082,26798.61402,24836.0241
성북구,월곡제2동,23661.26991,22251.90991,22304.73262,22561.17837,22659.69777,22548.88301
성북구,장위제1동,22224.59444,21137.42313,21200.59631,21070.61458,21214.47757,20724.22908
성북구,장위제2동,12024.38945,11600.7702,11932.45645,12109.15382,12119.57104,11820.70987
성북구,장위제3동,5878.670249,6777.119981,7229.98759,7232.921118,7461.882408,7241.76081
성북구,정릉제1동,14398.28459,14529.18575,13869.85294,13745.50922,14151.46469,13843.44354
성북구,정릉제2동,20162.72884,18934.51546,19313.08067,19518.51029,20108.01682,19637.89727
성북구,정릉제3동,14102.32414,15420.07802,16522.442,17825.96552,17018.51063,14690.37433
성북구,정릉제4동,18791.36707,18587.65224,18330.2142,18386.48136,18573.09035,17963.25633
성북구,종암동,38310.09278,35650.70334,35982.27033,36624.6195,37458.81481,36442.07697
송파구,가락1동,27785.13767,27869.33558,26839.28319,26973.18964,26454.04265,26012.09863
송파구,가락2동,27689.74522,27053.95618,26507.27337,25812.87316,26866.7802,25982.71477
송파구,가락본동,38372.02294,38772.39212,38556.73417,39329.18185,39213.31226,38446.26699
송파구,거여1동,12369.12576,12608.81796,12263.2717,12498.61603,12737.24311,12424.41518
송파구,거여2동,18704.06885,19229.421,18845.77518,19177.88392,19387.32771,19087.07026
송파구,마천1동,13078.61569,12581.86634,12172.56205,12175.32991,12385.36168,12399.47179
송파구,마천2동,15899.26504,15655.06337,15018.70298,15008.98486,15205.81351,14904.88213
송파구,문정1동,20695.10814,21096.07138,20535.21202,20679.68893,21123.02832,20702.14085
송파구,문정2동,38313.96672,38646.33233,39220.97408,39727.05306,40541.44945,40783.94851
송파구,방이1동,18981.10352,18747.29763,17886.90087,17820.7209,18334.70797,17699.17235
송파구,방이2동,34608.44298,34688.73044,37036.88711,37533.49984,36906.6266,36414.00344
송파구,삼전동,32188.44174,31970.95754,31157.20172,31023.74253,31919.3402,30645.08842
송파구,석촌동,30361.11054,30411.97557,30288.21316,29622.49227,29852.19052,28987.48954
송파구,송파1동,30689.51423,30848.14631,31375.73391,30927.92486,31124.83988,30626.36682
송파구,송파2동,19355.62081,19607.53981,19103.04916,19123.49281,19679.139,18904.91052
송파구,오금동,37241.77041,38144.29109,36877.58665,36898.28136,37607.89564,36364.33564
송파구,오륜동,17194.34732,17951.2942,18693.78286,19447.25314,18948.70337,17493.85057
송파구,위례동,40672.06599,42176.81597,43032.10311,43491.502,43898.60678,42701.5125
송파구,잠실2동,31624.98238,32788.3508,32950.34608,34071.79653,34857.77101,33590.20382
송파구,잠실3동,42110.92415,39752.70992,44741.98157,47166.35151,45269.19026,47399.02832
송파구,잠실4동,19730.45383,19904.39606,19638.75004,19457.15101,20711.33305,20122.35696
송파구,잠실6동,37628.18572,36721.77679,39498.73536,40485.25226,41335.50179,42243.94368
송파구,잠실7동,9711.349908,10046.2286,10083.36129,10656.21857,10779.41462,10298.54384
송파구,잠실본동,34450.01941,34253.98415,33961.14297,34157.44239,34792.02129,34362.49031
송파구,장지동,34934.14661,35535.88073,34586.75536,34791.36812,35251.89031,34211.52801
송파구,풍납1동,15801.06553,14960.2412,15009.23485,15737.21776,15785.6771,15391.91059
송파구,풍납2동,37293.11442,37791.78556,37593.35156,38016.30651,36867.15009,35924.46487
양천구,목1동,44963.01029,44890.28276,45298.20451,46680.945,47879.05083,47160.86495
양천구,목2동,24082.60414,23774.36207,22516.56873,22390.34907,22997.14353,22630.06089
양천구,목3동,17699.09067,17755.68834,17047.98871,17076.3793,17504.33708,17257.38326
양천구,목4동,19344.55189,19595.02541,18746.54,18582.79683,19014.91893,18169.64607
양천구,목5동,39557.6293,38189.0939,38770.30916,38761.13871,39420.45811,37836.99194
양천구,신월1동,16034.53563,15920.37078,15270.2891,15133.43387,15323.05188,14793.37166
양천구,신월2동,15996.35024,15545.23215,15000.89773,15074.59958,15243.16665,14164.54529
양천구,신월3동,14208.28889,14176.01612,13970.96561,13833.95851,14002.36603,13417.44462
양천구,신월4동,11987.40935,11766.30074,11391.76613,11505.72678,11726.93702,11413.55213
양천구,신월5동,8124.889465,8368.882924,8346.708963,8513.860977,8695.91101,8269.224473
양천구,신월6동,4873.120628,4850.248496,4345.345891,4360.640888,4428.34039,4070.099111
양천구,신월7동,14949.38085,14755.91328,15751.79765,16104.96696,16280.16899,16065.2808
양천구,신정1동,20484.58744,19860.0887,18943.01922,18737.89436,18849.69589,18301.52738
양천구,신정2동,12491.35431,11843.36371,12707.11608,13243.0177,13432.02846,13685.0118
양천구,신정3동,40839.43455,41530.61303,42190.06933,42587.33122,43565.61105,42194.54081
양천구,신정4동,33764.00076,32920.43411,32974.9025,33299.59533,33712.59073,32472.55442
양천구,신정6동,21576.77463,21620.88256,19990.69377,18541.58234,18973.02849,18485.80551
양천구,신정7동,22055.47002,21900.72682,21135.29869,20751.86581,21239.17386,20686.98794
영등포구,당산제1동,25240.9586,25311.12962,25110.16315,25397.09342,25682.60387,25422.14747
영등포구,당산제2동,36896.07893,37060.99877,37106.45677,37706.93472,37734.48879,36745.47818
영등포구,대림제1동,17164.61746,17192.18811,17080.86167,16474.90654,16734.07687,16565.74281
영등포구,대림제2동,18431.43881,18320.40231,17888.58543,18423.06857,19072.52545,18937.24207
영등포구,대림제3동,26199.63981,25905.32277,25533.66129,25784.53296,26090.23376,25169.78682
영등포구,도림동,15158.98087,14815.25588,14031.98402,14030.94798,14305.21695,14379.3336
영등포구,문래동,38965.48315,39803.1167,39840.05277,40081.50375,40041.52406,38798.15174
영등포구,신길제1동,18237.3779,18185.04924,17917.11229,17910.63866,18043.78086,17440.90751
영등포구,신길제3동,13715.56694,13366.92572,12710.10999,12872.23414,13172.88921,12769.95777
영등포구,신길제4동,8426.604511,8090.635215,7471.623727,7482.527501,7604.085724,7530.171796
영등포구,신길제5동,6627.594629,6695.569054,7892.494069,10800.67415,11072.35602,11003.62273
영등포구,신길제6동,24223.43176,24898.70402,23385.15969,21659.65988,22193.16895,21594.4025
영등포구,신길제7동,14041.75036,14022.07938,13428.81291,13184.59991,13485.91388,13147.69226
영등포구,양평제1동,19177.32573,19274.71881,18778.24555,18814.56557,19094.98596,19063.33807
영등포구,양평제2동,28597.25773,29414.36491,29365.93312,29763.79906,29558.99534,28489.06728
영등포구,여의동,82373.66157,82516.62766,93663.35597,95549.47112,94334.18036,93804.80176
영등포구,영등포동,49524.78579,49457.3703,50561.9803,51891.48677,52746.84686,52908.42072
영등포구,영등포본동,18515.99226,18798.63332,18673.78946,19131.7951,19463.29505,19106.12969
용산구,남영동,14658.65104,14941.14585,15945.31841,17113.5348,17236.83885,16865.63089
용산구,보광동,10994.80263,11226.48435,11012.14804,10966.53404,10935.74065,10431.17766
용산구,서빙고동,15310.68334,15317.34444,15346.66883,16037.91725,15943.02019,15513.05746
용산구,용문동,8653.792225,8580.876203,8342.673901,8414.423938,8706.273466,8372.702205
용산구,용산2가동,12138.01595,12553.27563,12682.41252,12757.52016,12809.97461,12027.98556
용산구,원효로제1동,21147.28874,21329.45613,21286.75398,21668.89367,21737.79264,20858.59901
용산구,원효로제2동,15392.05936,15071.68112,14905.46682,14926.51811,15167.12704,15302.03504
용산구,이촌제1동,26134.30845,26443.86542,26635.711,27467.66732,27631.98568,25927.57131
용산구,이촌제2동,6923.787178,6732.7873,7187.320849,7292.377717,7199.627029,6977.549251
용산구,이태원제1동,11536.05984,11597.86206,12743.25728,13737.695,13717.87014,13441.79629
용산구,이태원제2동,11029.20722,11005.69755,11056.66173,11385.49441,11326.92748,10853.19287
용산구,청파동,21371.16537,23334.6878,23039.66997,23374.50553,23406.50168,21959.16422
용산구,한강로동,44346.34165,44668.52914,46068.43928,50503.72361,51581.54749,51778.62533
용산구,한남동,31360.20272,30666.66638,32247.93052,33212.46662,32527.72841,31377.3388
용산구,효창동,10009.58342,10244.48738,10038.80302,10167.51099,9927.017204,9591.430242
용산구,후암동,13826.38127,13720.26493,13577.23535,13661.19887,13763.31164,13479.64489
은평구,갈현제1동,23847.22499,24033.11387,23362.92604,24262.94142,24601.34233,23815.1717
은평구,갈현제2동,22117.79728,22631.24677,22567.00416,22681.6374,23367.75612,22611.79768
은평구,구산동,26146.756,26580.00247,25720.78331,25568.92967,25696.89978,24660.81925
은평구,녹번동,35285.11723,35412.38086,34127.1832,34179.21217,34523.82267,33716.87797
은평구,대조동,43115.29554,40624.28914,39416.60575,39648.7011,41981.94486,40579.05556
은평구,불광제1동,32251.87407,32000.43545,30707.86958,30670.95517,30076.05657,29139.40177
은평구,불광제2동,23181.02562,23146.87624,22029.57708,21150.49368,21567.48671,21399.54412
은평구,수색동,11046.32249,13085.57915,13285.99722,13389.46329,12755.75425,12324.50377
은평구,신사제1동,25345.32686,24728.24747,23945.60597,23713.23586,24166.56804,23722.78042
은평구,신사제2동,14406.42713,14610.11473,13997.92561,13842.77133,13405.73614,12806.41078
은평구,역촌동,43965.22425,43392.74128,41943.26583,42034.55834,42780.44785,42057.50279
은평구,응암제1동,24990.05052,24804.84347,23766.59808,23905.23842,24361.34526,23906.59447
은평구,응암제2동,15474.61303,15155.72067,14433.08237,14397.89087,14366.38303,14835.15974
은평구,응암제3동,23700.31891,23879.11256,24561.22708,24843.7226,25374.51741,23697.90193
은평구,증산동,12620.46974,12728.28288,12624.41339,13204.13534,15387.23764,14970.59768
은평구,진관동,62896.83764,63966.34767,62673.00331,62765.10846,64220.49405,62844.46522
종로구,가회동,6400.900626,6678.993762,7569.743086,7754.302143,7697.348632,7130.528917
종로구,교남동,7056.19764,7243.543052,7134.714384,7300.154646,7382.614145,7142.83316
종로구,무악동,6263.758986,6428.454369,6384.843023,7075.018774,7109.483827,6889.822355
종로구,부암동,14523.11395,15384.18898,15349.05478,16006.40576,15771.21718,14329.12777
종로구,사직동,20691.1702,21383.36745,23965.90888,25634.65727,25510.77979,24657.39389
종로구,삼청동,4467.610377,4766.143106,5247.854943,5664.351529,5624.704842,5116.560569
종로구,숭인제1동,7835.851401,7876.280625,7833.812138,7878.837873,7937.908754,7768.097628
종로구,숭인제2동,12759.11799,12846.20388,13107.0037,13195.20687,13214.82676,12799.39083
종로구,이화동,21971.53224,22673.04003,23686.85077,25046.91373,24966.76318,23777.08799
종로구,종로1.2.3.4가동,52660.86154,53996.00853,60120.99137,64759.73134,63856.81069,62157.23295
종로구,종로5.6가동,15434.76176,16095.38904,17368.93861,17926.59958,17638.08777,16821.55684
종로구,창신제1동,8258.784501,8509.4625,8434.106278,8968.869405,8875.026108,8272.128551
종로구,창신제2동,9670.09303,9071.521006,9401.220452,9771.83819,9926.06889,9840.960782
종로구,창신제3동,4977.176443,4688.028461,4915.163298,4931.559266,5034.863196,4867.064784
종로구,청운효자동,16960.0224,17285.75404,18586.37624,20049.56897,19439.77902,17142.59397
종로구,평창동,18005.15631,18399.28036,17949.03121,18053.64595,17977.13106,17451.69598
종로구,혜화동,28077.36197,30819.47463,31184.79123,32995.29727,31479.12785,29878.20325
중구,광희동,19773.92993,20801.05747,22148.42332,23305.56236,23468.18068,23176.18266
중구,다산동,14201.53707,14519.24562,14799.07027,15130.04875,15501.11617,14574.61654
중구,동화동,9140.647271,9156.474565,9142.964478,9246.186296,9499.56431,9872.496707
중구,명동,29010.64018,30640.81916,34906.74842,37700.55821,37626.8553,37115.35238
중구,소공동,23643.59717,24440.57844,27759.99363,30641.29399,30187.77077,29429.27451
중구,신당동,21979.93388,23065.56866,23393.52475,23888.08943,23568.42358,22035.2276
중구,신당제5동,10417.33438,10502.59391,10200.92137,10230.04632,9973.826438,9121.258273
중구,약수동,15165.85571,14998.68422,14744.43872,14724.61219,14804.75029,14530.99126
중구,을지로동,15490.89127,16518.5026,18269.42052,18738.62235,18661.68033,18212.6462
중구,장충동,10443.97063,11130.855,11703.06619,12079.07521,12408.1863,12142.56099
중구,중림동,9205.763007,8996.134806,9513.988013,9531.565242,9681.798732,9450.818607
중구,청구동,12267.35609,12606.52989,12453.98317,12365.85412,12057.42225,11835.13274
중구,필동,10550.62736,12069.87239,13236.21625,13428.46678,12666.86534,11329.06164
중구,황학동,13165.248,13601.70788,13349.22258,13466.30796,13717.5825,13221.33241
중구,회현동,22032.20667,22325.34878,25177.82011,26734.6911,26744.43354,25595.21227
중랑구,망우본동,38131.6458,38645.74357,39322.86446,39918.56232,40182.25549,38742.22967
중랑구,망우제3동,12601.31426,12592.16263,12171.4246,12119.93407,12330.51922,11913.01447
중랑구,면목본동,27773.04695,27797.97655,26602.73514,26787.63284,27277.54453,26543.18138
중랑구,면목제2동,20655.45608,19710.69527,19698.46765,19831.77074,20425.50403,20621.43194
중랑구,면목제3.8동,19154.49125,19699.15593,19324.55964,19812.86907,20213.07577,19596.14256
중랑구,면목제4동,18145.35982,18217.18634,17648.42519,17817.10431,17736.21077,17165.92672
중랑구,면목제5동,12881.13836,12381.74975,12241.01899,12083.84634,11444.85917,11044.28356
중랑구,면목제7동,19828.03761,19486.21891,18912.27087,19125.00595,19370.72355,18893.27153
중랑구,묵제1동,26584.76578,26857.12633,25930.17895,26049.06901,26483.59468,25423.26385
중랑구,묵제2동,18980.78484,19085.65113,18328.87747,19242.00635,18688.05039,18841.87458
중랑구,상봉제1동,18171.17288,18337.98388,17696.9186,17647.47839,17822.89519,17480.29521
중랑구,상봉제2동,26356.47971,26288.65166,25965.25337,26950.56539,27037.16629,26250.25136
중랑구,신내1동,35650.70008,34915.84533,34273.57818,34802.78379,35350.19917,34433.18646
중랑구,신내2동,18302.75727,18192.23595,17310.83721,17382.70775,17626.88885,17140.2335
중랑구,중화제1동,17212.57231,17485.54073,16869.58318,16966.24664,17360.3459,16755.466
중랑구,중화제2동,25499.82742,24633.98525,24430.97522,24782.27657,24700.01677,24182.67368
